{
    "value0": {
        "T_imu_cam": [
            {
                "px": 0.31177395790424219,
                "py": 0.0424356606312491,
                "pz": -0.15050880135376178,
                "qx": 0.5028889464746988,
                "qy": -0.5072065093408703,
                "qz": 0.4942451923587146,
                "qw": -0.49554611715370597
            },
            {
                "px": 0.3116710343736967,
                "py": -0.07551320464209778,
                "pz": -0.15300305796340014,
                "qx": 0.5038188686552589,
                "qy": -0.5105564493305929,
                "qz": 0.4862330146955485,
                "qw": -0.4990752599097169
            }
        ],
        "intrinsics": [
            {
                "camera_type": "kb4",
                "intrinsics": {
                    "fx": 462.5430349804012,
                    "fy": 463.1957502035745,
                    "cx": 503.3070978221635,
                    "cy": 505.09103047946499,
                    "k1": 0.022556788778635103,
                    "k2": -0.028356214432575249,
                    "k3": 0.023485151862296769,
                    "k4": -0.007870569721733513
                }
            },
            {
                "camera_type": "kb4",
                "intrinsics": {
                    "fx": 463.2809595750002,
                    "fy": 463.7494703316557,
                    "cx": 493.49528801900086,
                    "cy": 509.3700201880248,
                    "k1": 0.016714875411254917,
                    "k2": -0.013112629479273358,
                    "k3": 0.006541391802490058,
                    "k4": -0.0017422343904635379
                }
            }
        ],
        "resolution": [
            [
                1000,
                1000
            ],
            [
                1000,
                1000
            ]
        ],
        "calib_accel_bias": [
            0.3408556421739851,
            -0.054215475548320828,
            0.06681270110383042,
            0.0,
            0.0,
            0.0,
            0.0,
            0.0,
            0.0
        ],
        "calib_gyro_bias": [
            -0.0010529929237966998,
            0.0008957202539102503,
            -0.0000891694224586967,
            0.0,
            0.0,
            0.0,
            0.0,
            0.0,
            0.0,
            0.0,
            0.0,
            0.0
        ],
        "imu_update_rate": 187.8240180308652,
        "accel_noise_std": [
            0.00185,
            0.00185,
            0.00185
        ],
        "gyro_noise_std": [
            0.01094,
            0.01094,
            0.01094
        ],
        "accel_bias_std": [
            0.00002548,
            0.00002548,
            0.00002548
        ],
        "gyro_bias_std": [
            0.0005897,
            0.0005897,
            0.0005897
        ],
        "cam_time_offset_ns": 0,
        "vignette": [
            {
                "value0": 0,
                "value1": 10000000000,
                "value2": [
                    [
                        0.9413648954704743
                    ],
                    [
                        0.9270269420159438
                    ],
                    [
                        0.9173464531006444
                    ],
                    [
                        0.9115030969433516
                    ],
                    [
                        0.9114332081487143
                    ],
                    [
                        0.9150777518426549
                    ],
                    [
                        0.9169125096522892
                    ],
                    [
                        0.9152140451599126
                    ],
                    [
                        0.9124227870067903
                    ],
                    [
                        0.9112631552097144
                    ],
                    [
                        0.9141969427110898
                    ],
                    [
                        0.9155714302346641
                    ],
                    [
                        0.915309271386541
                    ],
                    [
                        0.9148399945354091
                    ],
                    [
                        0.9165744357296159
                    ],
                    [
                        0.9175516507868627
                    ],
                    [
                        0.9176804717417264
                    ],
                    [
                        0.9175797051693277
                    ],
                    [
                        0.9190234744185599
                    ],
                    [
                        0.9222478639401025
                    ],
                    [
                        0.9240230232994544
                    ],
                    [
                        0.92433385583104
                    ],
                    [
                        0.9237029195125219
                    ],
                    [
                        0.922718421999024
                    ],
                    [
                        0.9215363435256726
                    ],
                    [
                        0.9209527639777195
                    ],
                    [
                        0.9207588162316295
                    ],
                    [
                        0.9194789514789407
                    ],
                    [
                        0.9173226028287876
                    ],
                    [
                        0.9163886014437378
                    ],
                    [
                        0.9147669810253419
                    ],
                    [
                        0.9168348967679639
                    ],
                    [
                        0.9179468124360434
                    ],
                    [
                        0.9141353422653884
                    ],
                    [
                        0.9113918188125663
                    ],
                    [
                        0.911516693354658
                    ],
                    [
                        0.9128544259235748
                    ],
                    [
                        0.912423191617499
                    ],
                    [
                        0.910047893106783
                    ],
                    [
                        0.9091731254090862
                    ],
                    [
                        0.9075707144420245
                    ],
                    [
                        0.9019479491140883
                    ],
                    [
                        0.9013337975042225
                    ],
                    [
                        0.9036122669443845
                    ],
                    [
                        0.9031664034894822
                    ],
                    [
                        0.9005470916538528
                    ],
                    [
                        0.8964446463951487
                    ],
                    [
                        0.8942153317972889
                    ],
                    [
                        0.8929686260919334
                    ],
                    [
                        0.8934123997344917
                    ],
                    [
                        0.8949731740409034
                    ],
                    [
                        0.8970167102306023
                    ],
                    [
                        0.8985801993505561
                    ],
                    [
                        0.8992364261698688
                    ],
                    [
                        0.8979534849878251
                    ],
                    [
                        0.9005811916205243
                    ],
